"type","value","source"
"domain","aramexaene.com","public"
"domain","candyxpdf.com","public"
"domain","geopostl.cfd","public"
"domain","slpostgovls.xyz","public"
"url","http://nukaop.biijvi.ru/jawari@s6xs9","public"
"url","https://telegra.ph/Leons-01-13","public"
"ip","114.93.129.252","public"
"ip","181.180.191.184","public"
"ip","2.36.134.24","public"
"ip","83.50.5.138","public"
"hash_sha256","5062CA28DB713D36E2523F0A041CCDE2EA563E3D20C436197E8D33EC3025F3BE","public"
"hash_sha256","58D939306109BC6626C75CE7EF4EA4615229CA90BA246197427D40BA0197C8E5","public"
"hash_sha256","6AC778712DFFCE48B51850AC34A846DA357BE07328B00D0B629EC9B2F1C37ECE","public"
"hash_sha256","7C66E3156BBE88EC56294CD2CA15416DD2B18432DEEDC024116EA8FBB226D23B","public"
"hash_sha256","86F6D29EF0532236AD180DCF9A4B0C1AC1F8F2EC9CEC7A5B312F4E940DF7EDCE","public"
"hash_sha256","FBDD5CBA193A5E097CD12694EFE14A15EB0FC059623F82DA6C0BF99CBCFA22F8","public"
